t,data
0,0.555668380177208
0.01,0.56426944421395
0.02,0.569655883187819
0.03,0.551691324246928
0.04,0.607068290199029
0.05,0.57092946149406
0.06,0.60448110978586
0.07,0.615392681645333
0.08,0.599664503945728
0.09,0.619338098520037
0.1,0.660998595340489
0.11,0.646807953078297
0.12,0.627657808718113
0.13,0.627768770608627
0.14,0.64012543027308
0.15,0.633741903648288
0.16,0.663127069981507
0.17,0.653609116737609
0.18,0.623269267494196
0.19,0.692142479804972
0.2,0.677433044199073
0.21,0.693515176696898
0.22,0.679711604005308
0.23,0.680208927304733
0.24,0.684187051604153
0.25,0.658726910734803
0.26,0.712856126048694
0.27,0.74823338625397
0.28,0.714766660212191
0.29,0.727541357921254
0.3,0.742424677523025
0.31,0.732641679513303
0.32,0.750082930328565
0.33,0.759681087487379
0.34,0.723111191206045
0.35,0.755948740851752
0.36,0.770246824791663
0.37,0.756728469116073
0.38,0.765887015700769
0.39,0.779744672799548
0.4,0.788790679394062
0.41,0.77627563296504
0.42,0.788542695739064
0.43,0.755887259937081
0.44,0.797953895577876
0.45,0.766397165652563
0.46,0.801951187912179
0.47,0.802233981997531
0.48,0.796299312460745
0.49,0.816009533454397
0.5,0.829951911401156
0.51,0.822499077638385
0.52,0.813380658104939
0.53,0.808210051049722
0.54,0.838495465642566
0.55,0.81613353291603
0.56,0.825522050987329
0.57,0.845376179308754
0.58,0.817553658145332
0.59,0.850624698959168
0.6,0.825885729069824
0.61,0.891061778137205
0.62,0.868219917706636
0.63,0.873502296718093
0.64,0.87493271886618
0.65,0.900805510175959
0.66,0.882283019535465
0.67,0.905273116110962
0.68,0.903409853529856
0.69,0.859115823553459
0.7,0.89473738418637
0.71,0.890192534167605
0.72,0.932762597316462
0.73,0.886857147141091
0.74,0.919993063379247
0.75,0.908375864447101
0.76,0.90397953635863
0.77,0.926059853987013
0.78,0.902896678634119
0.79,0.917582709091678
0.8,0.960447815360086
0.81,0.928657310482709
0.82,0.933022899174378
0.83,0.934730322636582
0.84,0.969525557589098
0.85,0.985057609980483
0.86,0.935582479890145
0.87,0.948083240685623
0.88,0.998862097807529
0.89,0.957946160407603
0.9,0.936393380612824
0.91,0.975741083287479
0.92,0.95774130256448
0.93,0.940772839514034
0.94,0.980954390826658
0.95,0.990520004249047
0.96,0.967463411018508
0.97,0.958187484837635
0.98,0.955302489258303
0.99,1.01501099369897
1,1.00628768776564
1.01,1.0146532980551
1.02,0.983263562694812
1.03,1.01599964767428
1.04,0.986840568223596
1.05,0.991319173157553
1.06,1.00593862284104
1.07,1.01217732817459
1.08,0.998326017973639
1.09,1.02578873910909
1.1,1.02118340609118
1.11,1.02354780580601
1.12,1.0542496370839
1.13,1.00233892719406
1.14,1.04086520733069
1.15,1.03387294310529
1.16,1.02110545352383
1.17,1.01998597606294
1.18,1.00695320367973
1.19,1.01987826170568
1.2,1.0066293716337
1.21,1.03786177946368
1.22,1.04926037767283
1.23,1.05126815265123
1.24,1.03631111478791
1.25,1.04607697228831
1.26,1.04477651772422
1.27,1.0684217624735
1.28,1.050590358133
1.29,1.05231780314326
1.3,1.06111872746477
1.31,1.06396167221589
1.32,1.00195638474163
1.33,1.02994472940464
1.34,1.06178206190749
1.35,1.07875758819894
1.36,1.05203272337022
1.37,1.06899857068365
1.38,1.04124991992203
1.39,1.02937771825397
1.4,1.06939468471165
1.41,1.08192174633424
1.42,1.0579489885729
1.43,1.0665404945406
1.44,1.0630731064699
1.45,1.07715965210466
1.46,1.07750990538912
1.47,1.05547423598042
1.48,1.12000601317725
1.49,1.07028762267739
1.5,1.06535710818287
1.51,1.05841023729945
1.52,1.08752860159781
1.53,1.07336291442384
1.54,1.07528533290076
1.55,1.10296126935449
1.56,1.06933152611909
1.57,1.05916094934375
1.58,1.0652187672363
1.59,1.05377962465841
1.6,1.04618326315891
1.61,1.08804307052558
1.62,1.09544020328258
1.63,1.07992716632376
1.64,1.10479622409725
1.65,1.04717177335023
1.66,1.05061155996395
1.67,1.08749342329845
1.68,1.10439962408244
1.69,1.07390721792792
1.7,1.07367575518658
1.71,1.08951141840854
1.72,1.07743828697428
1.73,1.06132028903524
1.74,1.05748929505321
1.75,1.07405069863894
1.76,1.05738723084529
1.77,1.0415069901677
1.78,1.06703626065201
1.79,1.07141680223566
1.8,1.07167088920913
1.81,1.08258592557767
1.82,1.05494379588323
1.83,1.06730402928286
1.84,1.03974377131421
1.85,1.100118861673
1.86,1.06227865162582
1.87,1.04476330433742
1.88,1.04229425349118
1.89,1.06123156582565
1.9,1.03298039552118
1.91,1.04376298537837
1.92,1.03426408137636
1.93,1.04103301581008
1.94,1.0563809941717
1.95,1.037334073257
1.96,1.0443197934518
1.97,1.015595503033
1.98,1.05528547026616
1.99,1.03706646361432
2,1.0502290206143
2.01,1.02076725379304
2.02,1.04158037540943
2.03,1.02383954309067
2.04,1.04201175799155
2.05,1.02655168811264
2.06,1.02721896434936
2.07,1.03780028039496
2.08,1.00870342707626
2.09,1.01664054945869
2.1,0.996208504106467
2.11,1.00707922587145
2.12,0.949797296779205
2.13,0.983196873737736
2.14,0.998600442093838
2.15,0.972758002385782
2.16,0.981547655897324
2.17,0.97000108235003
2.18,0.989979051016074
2.19,0.984822091924657
2.2,0.984417381191689
2.21,0.974898098628617
2.22,0.956408657894161
2.23,0.968747940165884
2.24,0.938828480779461
2.25,0.952615410089611
2.26,0.967240879907951
2.27,0.931246310080632
2.28,0.951826670634251
2.29,0.982752505617471
2.3,0.966800447153661
2.31,0.945988878294126
2.32,0.937852011215087
2.33,0.920143658396136
2.34,0.933392033322564
2.35,0.933048203939307
2.36,0.921141816077176
2.37,0.919326424496725
2.38,0.908227750964471
2.39,0.926354022192285
2.4,0.929690635907722
2.41,0.877796454346982
2.42,0.909777232777936
2.43,0.912205729899863
2.44,0.874636914169447
2.45,0.894250979735886
2.46,0.881641987516436
2.47,0.886618032782768
2.48,0.906943792451432
2.49,0.894801915319081
2.5,0.909856342073245
2.51,0.886227609073683
2.52,0.863066772801133
2.53,0.89636349725568
2.54,0.849661349862628
2.55,0.843969416674032
2.56,0.837025943171736
2.57,0.878379234202367
2.58,0.839822197566278
2.59,0.829922999059129
2.6,0.854964549942876
2.61,0.80370020608059
2.62,0.834650971169397
2.63,0.818617264010284
2.64,0.803367818857555
2.65,0.796474709240947
2.66,0.807869464921221
2.67,0.81884127666317
2.68,0.791377155996257
2.69,0.778336334355621
2.7,0.806837953344587
2.71,0.7857428166841
2.72,0.804945206986875
2.73,0.783844991298457
2.74,0.77745091000387
2.75,0.76648689300416
2.76,0.75733354357022
2.77,0.754432776862116
2.78,0.723683959374973
2.79,0.73929299676275
2.8,0.704719596735839
2.81,0.746600362194619
2.82,0.726528342584253
2.83,0.676524615125978
2.84,0.710715369232072
2.85,0.742182263923074
2.86,0.749069833015278
2.87,0.705880473038629
2.88,0.720015279144628
2.89,0.698687422536637
2.9,0.713057856456041
2.91,0.679461877738871
2.92,0.686249388726622
2.93,0.673082459648202
2.94,0.688140189961788
2.95,0.672107792324473
2.96,0.657475139293529
2.97,0.644417118883855
2.98,0.626122268238308
2.99,0.651616918626319
3,0.663897451492916
3.01,0.678110476881014
3.02,0.644120987311804
3.03,0.617416933794965
3.04,0.626119974586064
3.05,0.629437878306372
3.06,0.597919279873525
3.07,0.613290404152317
3.08,0.596252411173624
3.09,0.594791172115388
3.1,0.597181929620042
3.11,0.586882724685783
3.12,0.572202545891537
3.13,0.561213209255519
3.14,0.565355951846848
3.15,0.555899054299569
3.16,0.576374020186122
3.17,0.554174500200793
3.18,0.567499676859776
3.19,0.562184263812672
3.2,0.540232896327744
3.21,0.506740240463471
3.22,0.549117498689358
3.23,0.534234317105445
3.24,0.529077216058219
3.25,0.5547979936305
3.26,0.494172958853126
3.27,0.538566390504274
3.28,0.488836912830351
3.29,0.479297427262743
3.3,0.476937409853787
3.31,0.50268835587935
3.32,0.471636106067217
3.33,0.493810447245933
3.34,0.478174284559539
3.35,0.458153058194267
3.36,0.478954235146998
3.37,0.478394784650755
3.38,0.479770976316876
3.39,0.421924011117344
3.4,0.43405753813543
3.41,0.443972419481455
3.42,0.417322055677006
3.43,0.453811494799994
3.44,0.426598928600723
3.45,0.415037250868484
3.46,0.420338883403374
3.47,0.40284673628829
3.48,0.420752963828943
3.49,0.392840161951976
3.5,0.394628655765992
3.51,0.404195099946585
3.52,0.380937277861341
3.53,0.369775122083432
3.54,0.374952218192253
3.55,0.368169753755044
3.56,0.367452246116667
3.57,0.371311426219094
3.58,0.350227812499396
3.59,0.370454597175738
3.6,0.365426858842585
3.61,0.343055116650872
3.62,0.350324158178323
3.63,0.337462581483368
3.64,0.344912713073283
3.65,0.325564286278893
3.66,0.333664031897522
3.67,0.326726387741667
3.68,0.326864072920396
3.69,0.30280984653009
3.7,0.285313185083017
3.71,0.308549225922371
3.72,0.30572461823256
3.73,0.269757307498569
3.74,0.306282730535899
3.75,0.308290890342667
3.76,0.276314627371355
3.77,0.265119299730613
3.78,0.267647867348819
3.79,0.257069791635298
3.8,0.260556073445844
3.81,0.268561770514786
3.82,0.260028317758289
3.83,0.278187585177797
3.84,0.241669186352683
3.85,0.228268834040766
3.86,0.241467097050299
3.87,0.26008024424295
3.88,0.257716902498062
3.89,0.212050259045523
3.9,0.215289158546631
3.91,0.246864423207157
3.92,0.239314778422798
3.93,0.193741086386071
3.94,0.186835257477964
3.95,0.228796357330271
3.96,0.203347877738986
3.97,0.182988817690352
3.98,0.203351243550449
3.99,0.216956158858349
4,0.220218620210582
4.01,0.157709369268209
4.02,0.213269654873418
4.03,0.187256647100729
4.04,0.169494722234451
4.05,0.185507263861397
4.06,0.185399974485898
4.07,0.167750533331469
4.08,0.187202668376608
4.09,0.169826928705101
4.1,0.183877911031025
4.11,0.181099033247902
4.12,0.162223038349755
4.13,0.186147417113945
4.14,0.162242411289665
4.15,0.141229928586459
4.16,0.156381130810347
4.17,0.138893470145877
4.18,0.146284130285891
4.19,0.136144553483511
4.2,0.14194460560135
4.21,0.159989544588586
4.22,0.158301371853647
4.23,0.147719279513323
4.24,0.135053112078229
4.25,0.113041805483476
4.26,0.123146158975059
4.27,0.119413448231632
4.28,0.127083440345828
4.29,0.115230600746909
4.3,0.121493860815406
4.31,0.13450199580552
4.32,0.142389754443545
4.33,0.12002317116056
4.34,0.0909951047194677
4.35,0.0892077290125011
4.36,0.101930813230402
4.37,0.113710509494672
4.38,0.111063678805345
4.39,0.107021769050016
4.4,0.0798236917581432
4.41,0.0776097812379461
4.42,0.11609001496141
4.43,0.0950838672102696
4.44,0.0918049946441601
4.45,0.0702240937740944
4.46,0.102411587398265
4.47,0.0901939991739831
4.48,0.0856366304065562
4.49,0.109154562694997
4.5,0.0767414019638782
4.51,0.06551793131356
4.52,0.0832969757103087
4.53,0.133988988948976
4.54,0.0839932550565375
4.55,0.0670340040968498
4.56,0.068712567573366
4.57,0.0845040580469854
4.58,0.0931972469991657
4.59,0.0585280918247155
4.6,0.0878837530346561
4.61,0.0718873854002371
4.62,0.0900588624086417
4.63,0.0805740090275401
4.64,0.0811718115198126
4.65,0.10028494626215
4.66,0.0766460381057732
4.67,0.0504073496235743
4.68,0.10435685475177
4.69,0.081204059739002
4.7,0.0823909197885619
4.71,0.0848056281009841
4.72,0.0762602263016189
4.73,0.0466230858317927
4.74,0.0791676870143143
4.75,0.0602983439626804
4.76,0.0942427015717722
4.77,0.0608001564566096
4.78,0.0996137684325032
4.79,0.072184556133132
4.8,0.0469771674138228
4.81,0.0777386947128856
4.82,0.101474166502979
4.83,0.0884294657719899
4.84,0.064999401860948
4.85,0.0894733543488008
4.86,0.0359986653877235
4.87,0.121700751735449
4.88,0.0995288819240011
4.89,0.118805877092452
4.9,0.0594506495962351
4.91,0.0934581138277317
4.92,0.100841982892131
4.93,0.072826756888875
4.94,0.0789782583259651
4.95,0.0542754407464224
4.96,0.102833716589113
4.97,0.0678639742167374
4.98,0.11580013994073
4.99,0.0987953771579392
5,0.0789612737351614
5.01,0.107293183185142
5.02,0.0970077593976401
5.03,0.106865524609585
5.04,0.117357639359814
5.05,0.119679173108378
5.06,0.112385966060813
5.07,0.110313570513141
5.08,0.132040894342982
5.09,0.142759751463288
5.1,0.120814907135161
5.11,0.152454258718254
5.12,0.0955743982254566
5.13,0.0949197839231029
5.14,0.145301084285709
5.15,0.122899470957484
5.16,0.104854274417757
5.17,0.123648147229224
5.18,0.122485735204803
5.19,0.125211884006622
5.2,0.140282550305059
5.21,0.13815882861578
5.22,0.121220827400923
5.23,0.128862018346016
5.24,0.152646875936437
5.25,0.177875173491897
5.26,0.166260841300253
5.27,0.140621362937795
5.28,0.15319321548721
5.29,0.164114681188533
5.3,0.140483644349945
5.31,0.15779986754378
5.32,0.157368655648
5.33,0.173259788168363
5.34,0.175635826798492
5.35,0.18545378886225
5.36,0.166114976588541
5.37,0.176846630971015
5.38,0.173711134968542
5.39,0.191801434436396
5.4,0.195259289600783
5.41,0.186564042307218
5.42,0.231488222832743
5.43,0.171673682650442
5.44,0.176310742617615
5.45,0.179182140378393
5.46,0.210240130179295
5.47,0.200146129007225
5.48,0.195588419592998
5.49,0.22360203369036
5.5,0.206285711009016
5.51,0.21244274613441
5.52,0.229418555975209
5.53,0.235089123316833
5.54,0.2247399276452
5.55,0.217080139399778
5.56,0.221617968006871
5.57,0.270499949723042
5.58,0.240049871159061
5.59,0.255754702814557
5.6,0.246398080539927
5.61,0.276461619991944
5.62,0.270308704199015
5.63,0.291934557006538
5.64,0.293338688326061
5.65,0.296338921432271
5.66,0.29690948422615
5.67,0.261982709216631
5.68,0.284413799495266
5.69,0.287379786873801
5.7,0.315024645556583
5.71,0.301261048247707
5.72,0.294217814569696
5.73,0.325189355156095
5.74,0.299848348425961
5.75,0.314614520690274
5.76,0.303911707469433
5.77,0.342131673354568
5.78,0.32812417396726
5.79,0.327709867328561
5.8,0.337353165163863
5.81,0.337929809725325
5.82,0.349531640535123
5.83,0.353584428471689
5.84,0.392402921053694
5.85,0.386235435296125
5.86,0.367809996836693
5.87,0.372997358617379
5.88,0.372502224177522
5.89,0.38321501736885
5.9,0.407344609454851
5.91,0.379480674354254
5.92,0.398913653646821
5.93,0.395886493155362
5.94,0.398603529232895
5.95,0.42947620826127
5.96,0.434716420580118
5.97,0.432846552335682
5.98,0.414950188015893
5.99,0.445103445330861
6,0.436713863107202
6.01,0.439089465909184
6.02,0.438337547508448
6.03,0.426760136753585
6.04,0.445995781867654
6.05,0.450949311090792
6.06,0.489779658774189
6.07,0.424745298588446
6.08,0.452380862270048
6.09,0.490037707691293
6.1,0.451432749807455
6.11,0.517740268886346
6.12,0.496116738737961
6.13,0.514677246123562
6.14,0.504202751157759
6.15,0.540823712734591
6.16,0.50646869449182
6.17,0.514047569597486
6.18,0.528004243372529
6.19,0.542706593559647
6.2,0.556161710080595
6.21,0.556383074846224
6.22,0.527169113489171
6.23,0.557643798263618
6.24,0.552677305782502
6.25,0.555311435129309
6.26,0.579490149165203
6.27,0.568660994306152
6.28,0.581012144957728
6.29,0.59286661305658
6.3,0.589586949125161
6.31,0.564745041012728
6.32,0.607147225960599
6.33,0.589758524469033
6.34,0.599306654519361
6.35,0.617460124989708
6.36,0.595212845789966
6.37,0.60247951204973
6.38,0.630528028211383
6.39,0.632646105085398
6.4,0.615810244622599
6.41,0.656904201345763
6.42,0.648751030819821
6.43,0.662554520597467
6.44,0.658249921742233
6.45,0.66559086276412
6.46,0.66407301927718
6.47,0.654064488259151
6.48,0.686389556475698
6.49,0.710720366350723
6.5,0.681431932404479
6.51,0.70078194099128
6.52,0.672163436258679
6.53,0.696709914350159
6.54,0.713408128543425
6.55,0.706261895002071
6.56,0.711061323933554
6.57,0.701267653577361
6.58,0.698226433362624
6.59,0.737535781217869
6.6,0.720479564268543
6.61,0.703870630862027
6.62,0.7349287832218
6.63,0.748234293073923
6.64,0.777864949709652
6.65,0.759288083365877
6.66,0.740981222033273
6.67,0.755545292938248
6.68,0.730340589113654
6.69,0.771695707115136
6.7,0.794641379325951
6.71,0.802471167392482
6.72,0.77384201634207
6.73,0.783572263635963
6.74,0.813892435590875
6.75,0.813815425283564
6.76,0.810013286778467
6.77,0.825430937882599
6.78,0.820398856484536
6.79,0.822436994294275
6.8,0.845817793166975
6.81,0.800222525929006
6.82,0.795964557837472
6.83,0.84615026191387
6.84,0.843403398324848
6.85,0.839294182736804
6.86,0.852272671549404
6.87,0.826785999734825
6.88,0.867613942696648
6.89,0.854220757575672
6.9,0.884945485517778
6.91,0.8770137851461
6.92,0.878961630529547
6.93,0.861162923726285
6.94,0.872599900869891
6.95,0.856841236367967
6.96,0.869178743244448
6.97,0.902622095484284
6.98,0.876988134995187
6.99,0.913731584540994
7,0.926375113052002
7.01,0.922654408101487
7.02,0.886525106988677
7.03,0.941902733033165
7.04,0.907010685820032
7.05,0.896267408735428
7.06,0.911672338937547
7.07,0.934005557099941
7.08,0.940944425613594
7.09,0.947066354456439
7.1,0.935547190874534
7.11,0.949015941016783
7.12,0.942862871545234
7.13,0.956637747917992
7.14,0.950720517184366
7.15,0.947449686804121
7.16,0.957709784378023
7.17,0.969009303192198
7.18,0.994735229297138
7.19,0.974578829550351
7.2,0.951610926288164
7.21,0.977078616825365
7.22,0.984208599129644
7.23,0.992357039713284
7.24,0.972478790923429
7.25,0.97294346667816
7.26,1.00228869277058
7.27,0.973921163723568
7.28,0.992315051457745
7.29,1.00219282872969
7.3,1.01572858035461
7.31,1.00889863662312
7.32,0.984514659684936
7.33,0.988239576685907
7.34,1.01985859238639
7.35,1.00243960981323
7.36,1.02143856096564
7.37,1.03082247884736
7.38,1.03132791938683
7.39,1.04433562703711
7.4,1.00294198623194
7.41,1.05423082308628
7.42,1.01309201495347
7.43,1.03037827363423
7.44,1.03553827726779
7.45,1.06099977508374
7.46,1.04435861450332
7.47,1.03723993914281
7.48,1.01390724227328
7.49,1.03419470576495
7.5,1.06510602179964
7.51,1.04912379285314
7.52,1.02183111549931
7.53,1.05782075664484
7.54,1.06119600799879
7.55,1.06037614551085
7.56,1.01753226781719
7.57,1.05471921650151
7.58,1.06278790189122
7.59,1.04018990564894
7.6,1.04669898229335
7.61,1.04665927863663
7.62,1.02878538034595
7.63,1.06066982380909
7.64,1.08441663186513
7.65,1.05730623311601
7.66,1.05913930360093
7.67,1.07876506215565
7.68,1.09475202596731
7.69,1.08826127905541
7.7,1.04540527581588
7.71,1.03579045965427
7.72,1.08341015339843
7.73,1.07233735342709
7.74,1.05436678414331
7.75,1.09003046730865
7.76,1.07964430227497
7.77,1.04958251419939
7.78,1.0923189028548
7.79,1.08850207703529
7.8,1.0688800047819
7.81,1.10655025488291
7.82,1.04931431932451
7.83,1.07155985650379
7.84,1.07694178131791
7.85,1.0790484144627
7.86,1.04527249201048
7.87,1.04106001328912
7.88,1.0545061392561
7.89,1.07651010432956
7.9,1.07617786463651
7.91,1.08824169706459
7.92,1.10141903633935
7.93,1.05281952144386
7.94,1.07237307785726
7.95,1.09235551061699
7.96,1.06717358785586
7.97,1.05836619723815
7.98,1.05635774841669
7.99,1.08130142254542
8,1.08967431458206
8.01,1.04148967821808
8.02,1.07175236264717
8.03,1.07341308349356
8.04,1.07707025933397
8.05,1.05417546265214
8.06,1.10763157587706
8.07,1.06478153823743
8.08,1.06578453977123
8.09,1.04086741424296
8.1,1.060215348933
8.11,1.0769625255184
8.12,1.06305620014186
8.13,1.03813870475194
8.14,1.05543482490364
8.15,1.07613475378639
8.16,1.01785485171297
8.17,1.04638019577846
8.18,1.05134934003789
8.19,1.03663601316238
8.2,1.06005179008906
8.21,1.04172426500251
8.22,1.0675896567383
8.23,1.04080777169304
8.24,1.05831437648543
8.25,1.02091292615625
8.26,1.03572444450242
8.27,1.03958736166526
8.28,1.01033399080542
8.29,1.00838219768374
8.3,0.999711627475492
8.31,1.09112168631024
8.32,1.0211138422779
8.33,1.01207489448345
8.34,1.02850033050495
8.35,1.01420915840596
8.36,1.01606832824491
8.37,0.989827215454411
8.38,1.00355520407668
8.39,0.989512580583019
8.4,1.00492687387115
8.41,0.992398582822522
8.42,0.984893549528026
8.43,0.987351374346937
8.44,1.00815003029793
8.45,0.999059851499549
8.46,0.977731432735234
8.47,0.990182333585976
8.48,0.973688815309381
8.49,0.973423897553356
8.5,0.964708837345699
8.51,0.967104686371106
8.52,0.943530254897381
8.53,0.951175384384872
8.54,0.945947321650877
8.55,0.937956105087284
8.56,0.968988381920974
8.57,0.952061934188312
8.58,0.917100442214374
8.59,0.932194555102473
8.6,0.928394878348733
8.61,0.958330716076135
8.62,0.944190730103382
8.63,0.953231855433608
8.64,0.910718066846668
8.65,0.922869318224436
8.66,0.902018650392642
8.67,0.935817231461648
8.68,0.906976133889236
8.69,0.921230728702005
8.7,0.917935840271656
8.71,0.89477539757263
8.72,0.911809066759839
8.73,0.892922659702354
8.74,0.887569926287777
8.75,0.867623792145642
8.76,0.85542032472754
8.77,0.894335504903014
8.78,0.863532259810152
8.79,0.827380669151593
8.8,0.861509318607729
8.81,0.851993517354187
8.82,0.851302263057115
8.83,0.849647804919027
8.84,0.848041333062129
8.85,0.815139010040936
8.86,0.879867760300055
8.87,0.809270138633604
8.88,0.83535561862574
8.89,0.831611972295523
8.9,0.79720969574965
8.91,0.802541042626935
8.92,0.810974795970819
8.93,0.809705226657642
8.94,0.841333983258876
8.95,0.815748327198402
8.96,0.831635413585589
8.97,0.771139304393183
8.98,0.787149832531819
8.99,0.766652417323957
9,0.77903448472178
9.01,0.764057509081519
9.02,0.769197964617533
9.03,0.76001469439484
9.04,0.764888248175089
9.05,0.767231860417495
9.06,0.770045136798571
9.07,0.742847913036701
9.08,0.762786268421402
9.09,0.721124341296978
9.1,0.729202647765222
9.11,0.736943501728487
9.12,0.749043616520633
9.13,0.711131279558775
9.14,0.701754148589246
9.15,0.729008185339778
9.16,0.715950350625432
9.17,0.706771821597462
9.18,0.708343654726608
9.19,0.717531644950309
9.2,0.681956803314796
9.21,0.67986382003558
9.22,0.667995099039141
9.23,0.67162679339971
9.24,0.655837685293519
9.25,0.649062585318401
9.26,0.64622238169329
9.27,0.638014411050858
9.28,0.677387695699252
9.29,0.653203848551616
9.3,0.630081235465132
9.31,0.617327790392716
9.32,0.623304274698763
9.33,0.639820335455046
9.34,0.598007436853371
9.35,0.60143546492432
9.36,0.62668186964167
9.37,0.610791335755592
9.38,0.566852743544688
9.39,0.569761983791261
9.4,0.58296744089676
9.41,0.572987778473268
9.42,0.554634799179604
9.43,0.572198406189059
9.44,0.566944622080006
9.45,0.566035723698632
9.46,0.570693752897661
9.47,0.533911705280815
9.48,0.531504341749579
9.49,0.558625389205197
9.5,0.537916608047503
9.51,0.520876589758033
9.52,0.509314033777721
9.53,0.53311550318382
9.54,0.51363138111179
9.55,0.513832575718078
9.56,0.49252238983956
9.57,0.530870424070246
9.58,0.514647785847391
9.59,0.494905328189819
9.6,0.493360790747816
9.61,0.494192255311872
9.62,0.497906081374653
9.63,0.44844242878094
9.64,0.443045106345649
9.65,0.452515848922147
9.66,0.459770270101705
9.67,0.45564159760462
9.68,0.435197385821926
9.69,0.419050759440219
9.7,0.451529951230995
9.71,0.427854955796151
9.72,0.430437203748779
9.73,0.430877275405092
9.74,0.443486896420025
9.75,0.382474227009437
9.76,0.40898747601057
9.77,0.404792598081914
9.78,0.395633175719601
9.79,0.396026499768207
9.8,0.412286012973597
9.81,0.362009160244149
9.82,0.349963233552914
9.83,0.384405910112191
9.84,0.338865604675268
9.85,0.364001349811116
9.86,0.35078814440354
9.87,0.394471075979685
9.88,0.360082588786635
9.89,0.34978802066031
9.9,0.353761794953826
9.91,0.322417705623467
9.92,0.329376334964385
9.93,0.319534031416199
9.94,0.338437204094415
9.95,0.310809833732121
9.96,0.315025827018602
9.97,0.290795530595269
9.98,0.332169377543826
9.99,0.324701185693157
10,0.276072023702644
10.01,0.292659779351654
10.02,0.286298104143246
10.03,0.294209390142365
10.04,0.292519851443536
10.05,0.262485387299429
10.06,0.275445997856989
10.07,0.26437147505243
10.08,0.286298591956477
10.09,0.261835429195529
10.1,0.257953439043894
10.11,0.224750740176386
10.12,0.267336449418287
10.13,0.250704230820077
10.14,0.237301646933464
10.15,0.250751344800811
10.16,0.255242386603029
10.17,0.262816758342285
10.18,0.249909629380096
10.19,0.219337760183004
10.2,0.240270388680482
10.21,0.218657349420232
10.22,0.188794416572961
10.23,0.206312268283429
10.24,0.188234058965103
10.25,0.241771784030722
10.26,0.249554030278739
10.27,0.212182631983484
10.28,0.175148345781416
10.29,0.20162535388787
10.3,0.172278634156106
10.31,0.203635013365702
10.32,0.19475111309894
10.33,0.165833885650279
10.34,0.159723213968296
10.35,0.162866389669236
10.36,0.174431617068928
10.37,0.190585032726757
10.38,0.201760414074289
10.39,0.157830271345274
10.4,0.145459657718049
10.41,0.148571019260146
10.42,0.161975328129279
10.43,0.151363788503109
10.44,0.111831594499938
10.45,0.149667253926271
10.46,0.147224654497073
10.47,0.164762765297398
10.48,0.138796849451914
10.49,0.185665726486473
10.5,0.145018422063541
10.51,0.134193717251233
10.52,0.131998836873858
10.53,0.134126349923967
10.54,0.138859149859264
10.55,0.109296545523738
10.56,0.11979501619149
10.57,0.120907983750107
10.58,0.163338727461326
10.59,0.087812525980817
10.6,0.116224720339134
10.61,0.114864874083317
10.62,0.0854165748073312
10.63,0.108752828328185
10.64,0.0842536017213639
10.65,0.096148084543085
10.66,0.118592274882585
10.67,0.0925961068258461
10.68,0.101757152046592
10.69,0.120543715519338
10.7,0.0956093861446793
10.71,0.105697758847282
10.72,0.101312037703384
10.73,0.0914115998832237
10.74,0.10030346340849
10.75,0.097366933414935
10.76,0.0831942395345743
10.77,0.0857497901741109
10.78,0.0634265810291154
10.79,0.092876486107255
10.8,0.0428474753211181
10.81,0.0904627269231011
10.82,0.0695078995430923
10.83,0.0820404868124936
10.84,0.0794254123102393
10.85,0.0987684548943968
10.86,0.0823638331376141
10.87,0.0867360766502762
10.88,0.076428243830623
10.89,0.0698187004304896
10.9,0.0804624894811738
10.91,0.105818883297546
10.92,0.105481549488228
10.93,0.0789632268004535
10.94,0.0768928086344348
10.95,0.0788681243112372
10.96,0.0453006218407968
10.97,0.0541019701162389
10.98,0.0787571467228799
10.99,0.0768240309936549
11,0.0856440832375738
11.01,0.0533074534128065
11.02,0.0456717321328769
11.03,0.0838096251592924
11.04,0.0665195339611068
11.05,0.0721625436223607
11.06,0.0507043212951601
11.07,0.0720306130125995
11.08,0.0616984496037593
11.09,0.110039180082638
11.1,0.0884475830518687
11.11,0.0770157937155714
11.12,0.0540393677765985
11.13,0.0923445856502088
11.14,0.0963784991369445
11.15,0.113421765064282
11.16,0.108500471923022
11.17,0.054417416094373
11.18,0.0705840000094713
11.19,0.102958893756324
11.2,0.0830049858248242
11.21,0.112006612875885
11.22,0.0746312409273445
11.23,0.0819893548868399
11.24,0.0963764115535602
11.25,0.095433069886367
11.26,0.0960837319768379
11.27,0.0810407834298367
11.28,0.0684219862782411
11.29,0.0875231177082768
11.3,0.121688270781941
11.31,0.105361935946091
11.32,0.106503930311895
11.33,0.0851254201416559
11.34,0.105012800657399
11.35,0.0936695033517696
11.36,0.0857885192953838
11.37,0.123331476395143
11.38,0.133208716956779
11.39,0.0907199636716211
11.4,0.119601458456248
11.41,0.0867248022212567
11.42,0.131390007634892
11.43,0.122532481589232
11.44,0.125732794395968
11.45,0.131928325991296
11.46,0.135794860758493
11.47,0.144709404857066
11.48,0.13886809567272
11.49,0.0976071009331829
11.5,0.127126578363517
11.51,0.127723452874521
11.52,0.143387321380884
11.53,0.16798132462313
11.54,0.1496546823552
11.55,0.158920303652564
11.56,0.122985860376347
11.57,0.168885396695107
11.58,0.138896319686283
11.59,0.172382170598734
11.6,0.180087801661957
11.61,0.165274618090442
11.62,0.205020409695396
11.63,0.173477347793298
11.64,0.162338482956121
11.65,0.168571014550893
11.66,0.155245583108257
11.67,0.1769539516705
11.68,0.206719801169523
11.69,0.172441623453469
11.7,0.202577617453343
11.71,0.172391850147284
11.72,0.193158976988397
11.73,0.195502842559073
11.74,0.212957418389851
11.75,0.212661633262188
11.76,0.214834647172956
11.77,0.182484489190896
11.78,0.246671637520401
11.79,0.20123406206825
11.8,0.238873239204853
11.81,0.262834356688216
11.82,0.219800794807756
11.83,0.250575725815731
11.84,0.257935404116466
11.85,0.26451550378486
11.86,0.260489976400767
11.87,0.268938908234551
11.88,0.280681659012103
11.89,0.257416829261379
11.9,0.234828664677062
11.91,0.261512759569233
11.92,0.275174612002764
11.93,0.301021938996022
11.94,0.283661783616374
11.95,0.31708097259089
11.96,0.263799566064203
11.97,0.303931233142813
11.98,0.318189590217066
11.99,0.335296841715894
12,0.281509090978375
12.01,0.300385316988757
12.02,0.297583276280505
12.03,0.343994783510959
12.04,0.314525353918184
12.05,0.349141779676447
12.06,0.31254700447425
12.07,0.345923772626008
12.08,0.32201496221168
12.09,0.35191004178699
12.1,0.33995778762187
12.11,0.318974227027301
12.12,0.356064611946157
12.13,0.352160352189629
12.14,0.371211911417374
12.15,0.360111146802588
12.16,0.385192699861731
12.17,0.372851013467993
12.18,0.363142136506752
12.19,0.413983841888864
12.2,0.346408812898113
12.21,0.402101979740992
12.22,0.37413219104422
12.23,0.395847101996017
12.24,0.423423545624686
12.25,0.426639116947471
12.26,0.430960990062502
12.27,0.4302050927328
12.28,0.459727914637506
12.29,0.443651742731418
12.3,0.443805045468837
12.31,0.44393767275127
12.32,0.455340138526349
12.33,0.457328566574684
12.34,0.465018579420693
12.35,0.490649069039958
12.36,0.486443772920886
12.37,0.418174253471962
12.38,0.488551371503682
12.39,0.466226898564092
12.4,0.497086352532968
12.41,0.504442697829946
12.42,0.518751887001256
12.43,0.509664699733498
12.44,0.491662927131119
12.45,0.527082562844038
12.46,0.539537095833082
12.47,0.549250285133353
12.48,0.528706128091292
12.49,0.537048865979839
12.5,0.548866092858965
12.51,0.562589081722438
12.52,0.569721181470102
12.53,0.577224679178741
12.54,0.541699264323124
12.55,0.583934531087743
12.56,0.577507949711565
12.57,0.58743930506389
12.58,0.540012458919947
12.59,0.596213654963298
12.6,0.59597345334274
12.61,0.593203962477057
12.62,0.593233288335917
12.63,0.604173535309253
12.64,0.616884275697556
12.65,0.60243518580114
12.66,0.599469424919242
12.67,0.649448806246365
12.68,0.618925857553884
12.69,0.625548773856072
12.7,0.62184497045543
12.71,0.646687508605954
12.72,0.646961728863996
12.73,0.682383762784696
12.74,0.654592838388091
12.75,0.654003095122037
12.76,0.63969429984341
12.77,0.673722714374677
12.78,0.691775620388738
12.79,0.696847430901835
12.8,0.689460655138385
12.81,0.688507873852514
12.82,0.704986842435077
12.83,0.70948610647083
12.84,0.694424388327031
12.85,0.704719972281629
12.86,0.725111625591911
12.87,0.713997683526932
12.88,0.722154376978826
12.89,0.728697304456626
12.9,0.741273930876294
12.91,0.752412744684636
12.92,0.750959043302287
12.93,0.776625315620719
12.94,0.776276922569608
12.95,0.786385559700576
12.96,0.756666068704754
12.97,0.797462178735829
12.98,0.796851968881912
12.99,0.763742079706409
13,0.769560209428233
13.01,0.7890499800872
13.02,0.773060510441219
13.03,0.813929095949423
13.04,0.791581052777953
13.05,0.779095521543674
13.06,0.806829257851939
13.07,0.817318724621988
13.08,0.791310580457647
13.09,0.827089759472626
13.1,0.836036263690242
13.11,0.815071701932727
13.12,0.835883888311505
13.13,0.842065725646867
13.14,0.851297614757415
13.15,0.877891127343823
13.16,0.866100084992451
13.17,0.857820299975976
13.18,0.844824817556734
13.19,0.855737790824192
13.2,0.877470529305764
13.21,0.886653691183222
13.22,0.899655541027138
13.23,0.876504971442714
13.24,0.890042423314118
13.25,0.906664725026168
13.26,0.912264155549043
13.27,0.911596486764012
13.28,0.919203370385923
13.29,0.901517120871225
13.3,0.920993100827736
13.31,0.917628700080116
13.32,0.903852570241052
13.33,0.915988133191702
13.34,0.94035732755653
13.35,0.901967091084878
13.36,0.923052713762508
13.37,0.937690423466148
13.38,0.923124310237671
13.39,0.935643954801633
13.4,0.945279271228515
13.41,0.936044497694296
13.42,0.965272332519167
13.43,0.960854033156452
13.44,0.929906714779443
13.45,0.981624093106465
13.46,0.990962488252394
13.47,0.985025025870865
13.48,0.97603108945525
13.49,1.02879646604459
13.5,0.968508634888861
13.51,0.990331922595593
13.52,0.9911281052968
13.53,1.00174092041689
13.54,1.00207422479028
13.55,1.00083893047043
13.56,0.981915641121053
13.57,1.00170929254503
13.58,0.989325625850237
13.59,1.01808017106262
13.6,0.983608555172109
13.61,0.999406709142411
13.62,0.99841948419957
13.63,1.00541299967165
13.64,1.01048999378045
13.65,1.01473983002785
13.66,1.01620750591769
13.67,1.0463881680893
13.68,1.02976497198416
13.69,1.04596055166962
13.7,1.01935357869526
13.71,1.0344842326188
13.72,1.02958174194271
13.73,1.049305149878
13.74,1.04840342413889
13.75,1.04844454830039
13.76,1.02899429523902
13.77,1.01248279024845
13.78,1.03232586908777
13.79,1.06148469401627
13.8,1.08008462244426
13.81,1.03175432251808
13.82,1.06114144934812
13.83,1.08471397670326
13.84,1.01498005636897
13.85,1.06124245452451
13.86,1.05851860828277
13.87,1.03282079883723
13.88,1.07160628765328
13.89,1.06581365910016
13.9,1.05818082475565
13.91,1.05749377777042
13.92,1.04912149271133
13.93,1.05516586610168
13.94,1.08070273397667
13.95,1.06576514745296
13.96,1.06205644796179
13.97,1.05637690739537
13.98,1.07307547243213
13.99,1.09481262947855
14,1.06154954882671
14.01,1.05313988675921
14.02,1.07557891123918
14.03,1.07351068957752
14.04,1.06391651050956
14.05,1.0455394636521
14.06,1.06999562641428
14.07,1.07780293927857
14.08,1.05106932308316
14.09,1.07576071208947
14.1,1.09678465506396
14.11,1.08264434484189
14.12,1.08737628065531
14.13,1.09149866837049
14.14,1.0899881264642
14.15,1.09030967617187
14.16,1.05442508765369
14.17,1.08835421592363
14.18,1.10879403157934
14.19,1.0914193523734
14.2,1.06514233458976
14.21,1.08915949408705
14.22,1.05736500585499
14.23,1.09946681531072
14.24,1.04104199554654
14.25,1.0770115916267
14.26,1.05645678435067
14.27,1.07952095395381
14.28,1.06697737553103
14.29,1.06426136455797
14.3,1.04425421556575
14.31,1.06330397040772
14.32,1.08786066454672
14.33,1.07828528134144
14.34,1.06045685378748
14.35,1.06001081803013
14.36,1.07303984435417
14.37,1.0752682630936
14.38,1.07549681513576
14.39,1.05375897145387
14.4,1.02809819679621
14.41,1.07817172665042
14.42,1.05420595778818
14.43,1.07013288302301
14.44,1.07232110675143
14.45,1.06158660481809
14.46,1.03814074291185
14.47,1.03636696800531
14.48,1.05677582459985
14.49,1.05366351532059
14.5,1.02496231816922
14.51,1.02124616330214
14.52,1.01536974341233
14.53,0.994110399981167
14.54,1.02341209415195
14.55,0.999824350922957
14.56,1.04256137066326
14.57,1.02196620625674
14.58,1.022930676159
14.59,0.996298871955727
14.6,1.04039311786096
14.61,1.04327333318271
14.62,1.04176212509509
14.63,0.997808930846436
14.64,1.00097884187062
14.65,1.0241023790004
14.66,1.00400530270107
14.67,1.01891276449593
14.68,1.01279665965364
14.69,0.982965665428151
14.7,1.01461323919752
14.71,0.99736200630261
14.72,0.980037039347198
14.73,1.00148059489947
14.74,0.969477782971884
14.75,0.986537730628101
14.76,0.969045770427951
14.77,0.991976763574876
14.78,0.981693034428639
14.79,0.951306204168669
14.8,0.949297097575663
14.81,0.978648259156331
14.82,1.00807999564128
14.83,0.962908632812487
14.84,0.973297910491871
14.85,0.988618020580117
14.86,0.94248593248756
14.87,0.946618968711602
14.88,0.939989467242573
14.89,0.951752861824734
14.9,0.97050020941575
14.91,0.943195991414499
14.92,0.921660641500291
14.93,0.921646690807041
14.94,0.935766448263425
14.95,0.934188869753664
14.96,0.909013406185764
14.97,0.902945447270077
14.98,0.898133326485119
14.99,0.906706655008536
15,0.908323329082496
15.01,0.923694615566718
15.02,0.889939190584326
15.03,0.885561053775895
15.04,0.915135856656391
15.05,0.86004974454962
15.06,0.874975146498389
15.07,0.848999309832679
15.08,0.858556883573882
15.09,0.842284253016586
15.1,0.873773319627398
15.11,0.83154637156934
15.12,0.846240101819382
15.13,0.832405063673873
15.14,0.825432064921496
15.15,0.87001282380558
15.16,0.815189811779196
15.17,0.826827206388103
15.18,0.818386104386086
15.19,0.83092251503823
15.2,0.799234988404358
15.21,0.809121834880318
15.22,0.834908212078889
15.23,0.792635205011199
15.24,0.817022989167599
15.25,0.790743922250226
15.26,0.797097459597586
15.27,0.794322608375722
15.28,0.749264352046011
15.29,0.780850251973448
15.3,0.7704025453483
15.31,0.74634496093333
15.32,0.76964658315777
15.33,0.777189606628996
15.34,0.737786609943225
15.35,0.767531842057157
15.36,0.733609769481124
15.37,0.719769948359142
15.38,0.748278287218272
15.39,0.740776068184177
15.4,0.743830423535451
15.41,0.719360664654482
15.42,0.710984808794307
15.43,0.729565281179657
15.44,0.68813795071679
15.45,0.687404509639309
15.46,0.695107145665966
15.47,0.686676705101585
15.48,0.686879522795742
15.49,0.663935147823849
15.5,0.677943833951677
15.51,0.693329212506275
15.52,0.653292623490923
15.53,0.637579783446769
15.54,0.647601193711689
15.55,0.654672099361272
15.56,0.650239236873868
15.57,0.660160401015864
15.58,0.644371034534518
15.59,0.640998090173963
15.6,0.645109645522207
15.61,0.623184619867097
15.62,0.604133995492451
15.63,0.601591824839201
15.64,0.610597209323255
15.65,0.608032952385701
15.66,0.607850822244618
15.67,0.583057499732442
15.68,0.575460586828351
15.69,0.574572458409067
15.7,0.584419685284132
15.71,0.577563662544977
15.72,0.583041381646351
15.73,0.553407395328273
15.74,0.535549091303097
15.75,0.556267714250416
15.76,0.531578282982918
15.77,0.551074439366346
15.78,0.547254884738095
15.79,0.51949697915971
15.8,0.527276609102278
15.81,0.523903389069974
15.82,0.510701961460984
15.83,0.51787506851838
15.84,0.50854427782532
15.85,0.500341090231379
15.86,0.511863942895319
15.87,0.484843506380885
15.88,0.501839320781902
15.89,0.481170003966017
15.9,0.480233051804029
15.91,0.47490936572545
15.92,0.474378892782912
15.93,0.495195734054145
15.94,0.45149417209463
15.95,0.483958775224705
15.96,0.434916948320708
15.97,0.422415260314052
15.98,0.444116157174558
15.99,0.442258065554296
16,0.4319820494924
16.01,0.431207742247201
16.02,0.434957352184913
16.03,0.44108124380599
16.04,0.394606840764742
16.05,0.43736047709081
16.06,0.38822567659531
16.07,0.38966704809662
16.08,0.395106351447356
16.09,0.364199611202192
16.1,0.369386248700087
16.11,0.362988522749466
16.12,0.353766014297512
16.13,0.354364772225896
16.14,0.34844352518992
16.15,0.35275037049419
16.16,0.350460907976702
16.17,0.3409694040664
16.18,0.315892717771819
16.19,0.373033071181026
16.2,0.311330795159667
16.21,0.354450066636185
16.22,0.351864988652248
16.23,0.317700162045955
16.24,0.301148909145606
16.25,0.340372172681271
16.26,0.322278366061559
16.27,0.290521029020596
16.28,0.305751200917778
16.29,0.272490085711063
16.3,0.32738894194251
16.31,0.302902226938242
16.32,0.264594798167024
16.33,0.310578692248339
16.34,0.250662986426202
16.35,0.256349492100202
16.36,0.281007981421014
16.37,0.282167469405541
16.38,0.266186956783313
16.39,0.295158281176797
16.4,0.249610935198946
16.41,0.241960858862469
16.42,0.255043173140638
16.43,0.223814310129518
16.44,0.23550218313154
16.45,0.244784382575103
16.46,0.226290435069507
16.47,0.229962349225522
16.48,0.214654610694405
16.49,0.244046563344511
16.5,0.217491203791954
16.51,0.243708276762956
16.52,0.19922329095974
16.53,0.199823273670471
16.54,0.201566386833621
16.55,0.212167462234884
16.56,0.192067819627051
16.57,0.179274648784229
16.58,0.169375463428693
16.59,0.194065829363685
16.6,0.164914445249747
16.61,0.196886670431279
16.62,0.194983396039257
16.63,0.190546118316259
16.64,0.182508456063272
16.65,0.16537779357827
16.66,0.179548239747265
16.67,0.160896731403167
16.68,0.169365141914883
16.69,0.181815692453243
16.7,0.167524361235133
16.71,0.182051861608894
16.72,0.139129163806916
16.73,0.120930254135173
16.74,0.141063883957434
16.75,0.16246251490543
16.76,0.163547128368281
16.77,0.153232449908017
16.78,0.113368304622257
16.79,0.101269928427401
16.8,0.134266058225479
16.81,0.143622079876785
16.82,0.116341540865303
16.83,0.148144736111471
16.84,0.119591008786176
16.85,0.0991109810158221
16.86,0.122878485739956
16.87,0.0986778619924751
16.88,0.106067158134991
16.89,0.0994733397223983
16.9,0.113361224604926
16.91,0.124104255561441
16.92,0.104224512527019
16.93,0.110345348910367
16.94,0.0854655499228628
16.95,0.107551453448688
16.96,0.110325501729395
16.97,0.111611838117853
16.98,0.101679594439059
16.99,0.070184417564864
17,0.116420435939679
17.01,0.0896768805206088
17.02,0.108403814650073
17.03,0.0974526862012536
17.04,0.0578487554250189
17.05,0.0920374170818145
17.06,0.114731595222003
17.07,0.0688577322009499
17.08,0.0883168329474631
17.09,0.091043832070643
17.1,0.0781800651141996
17.11,0.0628347391653771
17.12,0.0788389613976954
17.13,0.098004581717871
17.14,0.0871010614712356
17.15,0.0732500502389385
17.16,0.0927284937772923
17.17,0.0858696639559412
17.18,0.0939939589987114
17.19,0.0887823032663896
17.2,0.0751708969940516
17.21,0.0813451614070718
17.22,0.0882678959224069
17.23,0.0722840307775886
17.24,0.0617687015577271
17.25,0.0890443723163175
17.26,0.0662043024335578
17.27,0.0677796851718046
17.28,0.081220229244084
17.29,0.0415994654830735
17.3,0.0947265305967412
17.31,0.0730190991517655
17.32,0.0862890879602108
17.33,0.0693040924332035
17.34,0.056096530557352
17.35,0.079997280996863
17.36,0.0659525942489065
17.37,0.0545754468582176
17.38,0.0732078384503933
17.39,0.106457101688564
17.4,0.0619276972141351
17.41,0.0656851805284713
17.42,0.0668487901071618
17.43,0.0904422905759389
17.44,0.0957463297472192
17.45,0.0802454512951698
17.46,0.0639507497111828
17.47,0.0613310769541679
17.48,0.111029178169102
17.49,0.0625962748782987
17.5,0.0668494024997581
17.51,0.0745139833165185
17.52,0.0863911345796427
17.53,0.0989170335292806
17.54,0.0822801722184627
17.55,0.103587730100922
17.56,0.0986558381253102
17.57,0.0855787987101192
17.58,0.0715320862707746
17.59,0.102253819800958
17.6,0.101281112543623
17.61,0.110745422714166
17.62,0.0902287004432534
17.63,0.115580841133568
17.64,0.128999204912354
17.65,0.112731919607303
17.66,0.134047197706491
17.67,0.11569070058084
17.68,0.139319747608933
17.69,0.0916791970284531
17.7,0.123181081598102
17.71,0.114404738862843
17.72,0.129910970454023
17.73,0.104102743140923
17.74,0.105977859144999
17.75,0.121634824566642
17.76,0.111772570277184
17.77,0.133048773110596
17.78,0.127241829943078
17.79,0.143327698723418
17.8,0.130368133371999
17.81,0.128906272839358
17.82,0.141083755626794
17.83,0.152771369055769
17.84,0.170164123621746
17.85,0.150707564821966
17.86,0.149549221221535
17.87,0.16419037202669
17.88,0.156778703360812
17.89,0.142079923209111
17.9,0.156988506164015
17.91,0.181558094860478
17.92,0.137622702546451
17.93,0.179390583047212
17.94,0.196655279007827
17.95,0.195489040517309
17.96,0.192853145794856
17.97,0.20094406579741
17.98,0.183412143634817
17.99,0.191172745263555
18,0.203342815578659
18.01,0.195180172848924
18.02,0.223895013614247
18.03,0.199875671494233
18.04,0.208197894772291
18.05,0.230835143875547
18.06,0.242865269990601
18.07,0.22074223030071
18.08,0.246479675746282
18.09,0.214196254345216
18.1,0.22810211372901
18.11,0.236302920812657
18.12,0.23777881255704
18.13,0.230628439358206
18.14,0.226050679819245
18.15,0.248347377820335
18.16,0.281817935727595
18.17,0.278511699769637
18.18,0.268382034906531
18.19,0.284315335823578
18.2,0.269829357188106
18.21,0.280925636864457
18.22,0.278835377166504
18.23,0.288799714792877
18.24,0.275381503127699
18.25,0.303631254959708
18.26,0.269851677270051
18.27,0.283014798488105
18.28,0.315492898123614
18.29,0.309370262261123
18.3,0.312936689325046
18.31,0.293415090004381
18.32,0.307999588316688
18.33,0.34541892801415
18.34,0.329019454357844
18.35,0.297263556262615
18.36,0.33888847866457
18.37,0.361280175935472
18.38,0.370653469314925
18.39,0.353672169484264
18.4,0.3566020622484
18.41,0.350468521286286
18.42,0.378514554114813
18.43,0.352725172290089
18.44,0.353307844790101
18.45,0.371847034944529
18.46,0.400614198344411
18.47,0.375090411014378
18.48,0.398790371833984
18.49,0.385529251861405
18.5,0.433334921547078
18.51,0.416881424602202
18.52,0.393102114597268
18.53,0.436041076696131
18.54,0.400371518558715
18.55,0.401033142616797
18.56,0.442167109772978
18.57,0.428391555782834
18.58,0.424813922976599
18.59,0.464799995924444
18.6,0.430899904333437
18.61,0.497596231947138
18.62,0.459263696875599
18.63,0.456662071976018
18.64,0.505268825631872
18.65,0.48883106926584
18.66,0.468958201772444
18.67,0.501996520352714
18.68,0.484654395855769
18.69,0.507386542986649
18.7,0.518002365940375
18.71,0.505275785587047
18.72,0.509983237178543
18.73,0.52765399145572
18.74,0.518065203391217
18.75,0.541309952413347
18.76,0.512848360358192
18.77,0.531742583549459
18.78,0.552414645910472
18.79,0.558231047832614
18.8,0.536297552065897
18.81,0.549654230473912
18.82,0.564766138145587
18.83,0.570818366373589
18.84,0.585397146024916
18.85,0.588222693259051
18.86,0.556621203827834
18.87,0.57723082067514
18.88,0.589652516786056
18.89,0.587229012525609
18.9,0.583273979612268
18.91,0.596634971607
18.92,0.589747181313347
18.93,0.591491111508622
18.94,0.609014649610715
18.95,0.640649163190689
18.96,0.624438573708364
18.97,0.65742813086086
18.98,0.642239560344463
18.99,0.649963858582793
19,0.665106271418491
19.01,0.636336432823681
19.02,0.678453904873898
19.03,0.664648358825306
19.04,0.6625046589044
19.05,0.675231038905556
19.06,0.688008292400467
19.07,0.685742695225031
19.08,0.681143574892109
19.09,0.713721380108447
19.1,0.68070496533879
19.11,0.705377630055853
19.12,0.685412794535677
19.13,0.717242675033585
19.14,0.719967699976704
19.15,0.720865258241245
19.16,0.741136925745881
19.17,0.716263318978672
19.18,0.709986093786393
19.19,0.764511173057321
19.2,0.801602262887866
19.21,0.74328313023237
19.22,0.761482867224731
19.23,0.769970668038288
19.24,0.778219909242435
19.25,0.756875879597395
19.26,0.765976758514505
19.27,0.784206676402132
19.28,0.771275576802495
19.29,0.800866570392044
19.3,0.812746140506439
19.31,0.822907211250842
19.32,0.78340532899164
19.33,0.829435104797851
19.34,0.79865150843179
19.35,0.79891593541445
19.36,0.828008494698524
19.37,0.816817718196863
19.38,0.815663238427122
19.39,0.838257319416952
19.4,0.824212174555666
19.41,0.840894193116714
19.42,0.847316730996019
19.43,0.845821339650563
19.44,0.854457141652107
19.45,0.861362450673019
19.46,0.855691302119921
19.47,0.889096027587846
19.48,0.859324668235635
19.49,0.894919902274559
19.5,0.872421343856369
19.51,0.871883474426469
19.52,0.894046054165643
19.53,0.836586429461533
19.54,0.88026063102195
19.55,0.923658802971797
19.56,0.907870979580257
19.57,0.914315733511405
19.58,0.889090971389439
19.59,0.903659160925173
19.6,0.908174377097288
19.61,0.904441428131535
19.62,0.922795960715843
19.63,0.921535427226267
19.64,0.908535411706511
19.65,0.906718619112683
19.66,0.91984393992699
19.67,0.919111729442415
19.68,0.932271490026226
19.69,0.924972147373934
19.7,0.947360696944467
19.71,0.947036331247292
19.72,0.949918014154235
19.73,0.967787813998866
19.74,0.960924008925351
19.75,0.962352603454731
19.76,0.9376101949429
19.77,0.972143375343757
19.78,1.01267559669129
19.79,0.987713439682955
19.8,0.993544028450194
19.81,0.962110184940214
19.82,0.992712556362409
19.83,0.978076834098369
19.84,1.00103342110218
19.85,0.971363562942262
19.86,1.01864925221739
19.87,0.980611112194098
19.88,0.994201122477219
19.89,1.02991309112531
19.9,1.01903576989757
19.91,0.991888713610298
19.92,1.04035549320307
19.93,1.0004235759494
19.94,1.0279215123296
19.95,1.02991220545528
19.96,1.06251957609916
19.97,1.04363898367066
19.98,1.02653277790969
19.99,1.02438353694518
20,0.983348537799736
20.01,1.05008545872056
20.02,1.00942671478585
20.03,1.03209588008061
20.04,1.05477060317996
20.05,1.04713686170895
20.06,1.04737658595906
20.07,1.03495585153803
20.08,1.03390816459131
20.09,1.04443128287623
20.1,1.06377109939847
20.11,1.03997737892367
20.12,1.05517547412012
20.13,1.04721088398059
20.14,1.04140881810329
20.15,1.04106908810518
20.16,1.05835638105437
20.17,1.06692757892944
20.18,1.03538059362925
20.19,1.04939422988974
20.2,1.07338331524409
20.21,1.05248854311216
20.22,1.07305065940375
20.23,1.07975269062728
20.24,1.0496134422824
20.25,1.07878495397742
20.26,1.06651335154758
20.27,1.07524313831438
20.28,1.05195347226774
20.29,1.07596227222903
20.3,1.06279697988797
20.31,1.07647283349781
20.32,1.0594911207497
20.33,1.0485829523095
20.34,1.06909888212704
20.35,1.06052904600481
20.36,1.07980212682837
20.37,1.06656834802874
20.38,1.08918617904716
20.39,1.07831889939966
20.4,1.06728225419335
20.41,1.07757735994919
20.42,1.07983638029246
20.43,1.08725764728601
20.44,1.07510686535673
20.45,1.02441581556892
20.46,1.08761100475098
20.47,1.08765244615813
20.48,1.07816120516524
20.49,1.06383274276927
20.5,1.06828823982433
20.51,1.0663887055998
20.52,1.07996670842785
20.53,1.06678213957052
20.54,1.05706407653672
20.55,1.06762382169112
20.56,1.05761327817385
20.57,1.06496784896982
20.58,1.04311780412729
20.59,1.07033636434769
20.6,1.05513192894591
20.61,1.09697213168548
20.62,1.0849328823545
20.63,1.07343365668867
20.64,1.04940465237789
20.65,1.05661588832639
20.66,1.05200113629533
20.67,1.07637017263978
20.68,1.08221145823684
20.69,1.06810110897848
20.7,1.07004166354972
20.71,1.08369957382683
20.72,1.05688747860611
20.73,1.0339912357327
20.74,1.0439113603498
20.75,1.05074546239247
20.76,1.0146737821215
20.77,1.0418267791268
20.78,1.05271381658652
20.79,1.04100699183658
20.8,1.03547857159372
20.81,1.0324925534869
20.82,1.0551010148671
20.83,1.04232990424248
20.84,1.02866376863819
20.85,1.01573125103524
20.86,1.07102777313939
20.87,1.01001000740768
20.88,1.03240915823847
20.89,1.02498137485674
20.9,1.01385961497856
20.91,1.0244763602729
20.92,0.988281201830082
20.93,1.00941739542041
20.94,1.002303044465
20.95,1.01174747543794
20.96,1.02320217875859
20.97,1.01824806489214
20.98,0.988553418290147
20.99,1.01358669515353
21,0.969259070423877
21.01,0.983878482118357
21.02,0.992948715492871
21.03,0.957588538126409
21.04,0.949296551439315
21.05,0.947683227947076
21.06,0.953054960512613
21.07,0.965082268967107
21.08,0.99871186621937
21.09,0.969487695023229
21.1,0.950324951660413
21.11,0.970805490611112
21.12,0.962490969482373
21.13,0.973421348880999
21.14,0.937288554532259
21.15,0.929577262161625
21.16,0.95695632258071
21.17,0.896606439238031
21.18,0.939867913663422
21.19,0.910700427319816
21.2,0.904229536081886
21.21,0.946936100746325
21.22,0.939308309596385
21.23,0.902624430538084
21.24,0.890427800713117
21.25,0.885904924121603
21.26,0.917994487093893
21.27,0.874299506651695
21.28,0.877691752271737
21.29,0.903283206292709
21.3,0.891839251987642
21.31,0.901027951343891
21.32,0.873077494195332
21.33,0.884136277233098
21.34,0.876467072778444
21.35,0.903064241593146
21.36,0.862615449072516
21.37,0.851698091626639
21.38,0.864493409234597
21.39,0.856582645419284
21.4,0.833353422352666
21.41,0.846294828679523
21.42,0.845383009536129
21.43,0.86392770078636
21.44,0.815740822004071
21.45,0.811927718113188
21.46,0.79428200873186
21.47,0.839349554263071
21.48,0.830528856303305
21.49,0.791215705245585
21.5,0.794275276378128
21.51,0.796566071522727
21.52,0.790504240760218
21.53,0.804931499220391
21.54,0.794818995857841
21.55,0.7899068435983
21.56,0.800329712812209
21.57,0.759731540488718
21.58,0.783470594808993
21.59,0.801876265003896
21.6,0.772732589917258
21.61,0.776263316328685
21.62,0.774179887025344
21.63,0.774751064807397
21.64,0.727708201870516
21.65,0.739782849187749
21.66,0.723702058670652
21.67,0.722487003543102
21.68,0.698055367977888
21.69,0.731558636668872
21.7,0.72120368482409
21.71,0.766997795132111
21.72,0.719064579104011
21.73,0.704125961399963
21.74,0.661896968924391
21.75,0.704253867857117
21.76,0.665269310964046
21.77,0.686989040171345
21.78,0.691219260172083
21.79,0.704584903632215
21.8,0.674388053784876
21.81,0.639741383104871
21.82,0.649772597959804
21.83,0.676976147337956
21.84,0.651961844493584
21.85,0.650012967454557
21.86,0.650874409965137
21.87,0.618972870323868
21.88,0.620689244967259
21.89,0.615380747462215
21.9,0.643742696314646
21.91,0.614505841559546
21.92,0.594012498939705
21.93,0.600392818083146
21.94,0.615828478931233
21.95,0.601277682544084
21.96,0.609668340951776
21.97,0.579264969770965
21.98,0.541039377071825
21.99,0.561167711364848
22,0.571932363376582
22.01,0.556106469204903
22.02,0.578888181605971
22.03,0.529622049034339
22.04,0.55450111037351
22.05,0.541449334779579
22.06,0.496069955424628
22.07,0.567650081833055
22.08,0.513175713491315
22.09,0.531028927787332
22.1,0.533765643161659
22.11,0.506959815495719
22.12,0.528482955095125
22.13,0.518334141519129
22.14,0.4853806638469
22.15,0.509106002071951
22.16,0.486912661102266
22.17,0.455477814008708
22.18,0.491094210045153
22.19,0.507252359179199
22.2,0.479579106554072
22.21,0.459554870599945
22.22,0.442608298338088
22.23,0.457796710115221
22.24,0.439718390546776
22.25,0.430716397289907
22.26,0.432151800629316
22.27,0.409160484651339
22.28,0.429330862921476
22.29,0.432116121128616
22.3,0.426125181067903
22.31,0.422618908394449
22.32,0.396635693791691
22.33,0.388802576154996
22.34,0.382928645409801
22.35,0.393996699314699
22.36,0.382495110363725
22.37,0.392242343796843
22.38,0.425374802252574
22.39,0.364561758907113
22.4,0.380807009475264
22.41,0.34595833092405
22.42,0.359358828475849
22.43,0.371375085546622
22.44,0.322862647381732
22.45,0.37041796598217
22.46,0.368386557232026
22.47,0.352499978795958
22.48,0.327114056088702
22.49,0.357900830111715
22.5,0.333601749050376
22.51,0.316935968640462
22.52,0.300616343720801
22.53,0.313219536087811
22.54,0.318381755012786
22.55,0.326204475075282
22.56,0.295170347904978
22.57,0.308525116164361
22.58,0.279677360570365
22.59,0.273413089662345
22.6,0.308274412896305
22.61,0.260817929087414
22.62,0.295729431630297
22.63,0.297190777784396
22.64,0.265114198155314
22.65,0.259048901462178
22.66,0.242911872750397
22.67,0.250277591551245
22.68,0.269954803837353
22.69,0.267074240714104
22.7,0.247094336142027
22.71,0.221989823824975
22.72,0.234888759730915
22.73,0.230243463448273
22.74,0.223147767689242
22.75,0.221859867022028
22.76,0.257775431474001
22.77,0.226575463287647
22.78,0.211879801725656
22.79,0.250241743925836
22.8,0.216928504659194
22.81,0.244805705482844
22.82,0.226818894773773
22.83,0.163157206125483
22.84,0.171169376383859
22.85,0.166363663582574
22.86,0.176100641586017
22.87,0.192923458881039
22.88,0.191441980783628
22.89,0.202026603608151
22.9,0.16867027908596
22.91,0.194992437789945
22.92,0.177116198655983
22.93,0.169978284634737
22.94,0.172762081183512
22.95,0.184098575459081
22.96,0.157407744000774
22.97,0.146604188452994
22.98,0.151016429390261
22.99,0.178542381908638
23,0.163780748132399
23.01,0.131375220187165
23.02,0.153411878224921
23.03,0.128687223569786
23.04,0.167303811286046
23.05,0.105852480556547
23.06,0.10974005863777
23.07,0.147952163670108
23.08,0.123027779469661
23.09,0.136245878823271
23.1,0.118451999278498
23.11,0.127768247553203
23.12,0.0883223324974837
23.13,0.10828756152551
23.14,0.120044549675361
23.15,0.0922466391758856
23.16,0.11122311878031
23.17,0.108194400725097
23.18,0.100543495847596
23.19,0.109943175857628
23.2,0.107434510503675
23.21,0.0921824979224366
23.22,0.103083269979906
23.23,0.119438023374505
23.24,0.115895217715963
23.25,0.0793004060879493
23.26,0.120587464086507
23.27,0.105002960472571
23.28,0.123550471409186
23.29,0.0889124880942212
23.3,0.101331354353901
23.31,0.127613802636859
23.32,0.0859637393288161
23.33,0.0942264793057442
23.34,0.115084166641431
23.35,0.0998905030925105
23.36,0.088129552449244
23.37,0.118082460256114
23.38,0.0956869364539781
23.39,0.0467471391284625
23.4,0.0788415126134106
23.41,0.0681791148755252
23.42,0.0626065403233643
23.43,0.0682007826057257
23.44,0.0722346809846608
23.45,0.0985666705460285
23.46,0.0519535092417656
23.47,0.0615945749576937
23.48,0.039733010024988
23.49,0.102436753644305
23.5,0.0479663918661229
23.51,0.0623249630498131
23.52,0.1060726902537
23.53,0.0786905373790071
23.54,0.104113359556806
23.55,0.074805053166652
23.56,0.0695025297869316
23.57,0.0666492481750068
23.58,0.0455314860348464
23.59,0.0736222346429004
23.6,0.101974150568958
23.61,0.0918091824844168
23.62,0.0876932879736659
23.63,0.052646586402676
23.64,0.0972339818487011
23.65,0.0991545163624454
23.66,0.0975462684055108
23.67,0.0621274200022971
23.68,0.0931375170005452
23.69,0.109851693701047
23.7,0.11017782711893
23.71,0.0853686341142766
23.72,0.0772963982007888
23.73,0.0610610323803436
23.74,0.08491506785716
23.75,0.0814142788381808
23.76,0.0927049546452051
23.77,0.0797674003055538
23.78,0.0893992031415954
23.79,0.103098605254152
23.8,0.101887533055382
23.81,0.119082876750238
23.82,0.106170528041228
23.83,0.104787987121176
23.84,0.095660502375351
23.85,0.0832152388630256
23.86,0.101071255307636
23.87,0.0684928120242257
23.88,0.0869006204879267
23.89,0.117552847998927
23.9,0.0931645773911229
23.91,0.119832483276269
23.92,0.118932161958665
23.93,0.115146043352191
23.94,0.104991178487449
23.95,0.124287010408063
23.96,0.116455076233937
23.97,0.112113055938951
23.98,0.138740235337022
23.99,0.142031917613955
24,0.166494983532508
24.01,0.14158903096873
24.02,0.130902010534187
24.03,0.0865602683567166
24.04,0.112111344196665
24.05,0.118111020960055
24.06,0.123615883118221
24.07,0.150839215268738
24.08,0.145830840699525
24.09,0.150969236017928
24.1,0.147898126142106
24.11,0.146020132927416
24.12,0.157655880998988
24.13,0.148978970980326
24.14,0.122488641002719
24.15,0.142901967615092
24.16,0.182896638213897
24.17,0.136793803203012
24.18,0.194797131885061
24.19,0.164899873398246
24.2,0.162664882503816
24.21,0.180139116356499
24.22,0.173110788582127
24.23,0.202326277648971
24.24,0.165943268216928
24.25,0.153904461840221
24.26,0.204443365792655
24.27,0.178658541326186
24.28,0.222239339153211
24.29,0.207997294253372
24.3,0.200372272432895
24.31,0.21647128037295
24.32,0.212759965911131
24.33,0.222233834913625
24.34,0.224790412765233
24.35,0.226676679168089
24.36,0.208228776813993
24.37,0.238255095529284
24.38,0.229564964984077
24.39,0.219244535198105
24.4,0.259896912006637
24.41,0.277366809139376
24.42,0.269836734563429
24.43,0.259691385767953
24.44,0.250412228432274
24.45,0.263597197790456
24.46,0.264669270906886
24.47,0.274607386832263
24.48,0.26702861132199
24.49,0.259520913323189
24.5,0.283844829416234
24.51,0.269176506159311
24.52,0.279609864559463
24.53,0.309193377110753
24.54,0.286607913748508
24.55,0.304927926942471
24.56,0.300113422302133
24.57,0.296861717143108
24.58,0.312690626668436
24.59,0.314292741807903
24.6,0.30925088597554
24.61,0.315399166038853
24.62,0.353428547071006
24.63,0.345376665291849
24.64,0.349481995921144
24.65,0.33652333342965
24.66,0.343021730272169
24.67,0.324391803260845
24.68,0.363745498076585
24.69,0.34241563421711
24.7,0.38395133958813
24.71,0.372770990148205
24.72,0.371260493967223
24.73,0.378752458632346
24.74,0.388026929759521
24.75,0.374671316896592
24.76,0.385311246106274
24.77,0.413573396868613
24.78,0.365911920292458
24.79,0.421265506285305
24.8,0.429262903485175
24.81,0.423998112666188
24.82,0.4335179395552
24.83,0.433445413841599
24.84,0.447480256345448
24.85,0.435103475384439
24.86,0.422873216268869
24.87,0.439636814413578
24.88,0.46808824842508
24.89,0.46377473999884
24.9,0.449845170534499
24.91,0.487520912959917
24.92,0.471423502989022
24.93,0.449434967143995
24.94,0.486466994536512
24.95,0.503912963544644
24.96,0.514600397117363
24.97,0.492117663954433
24.98,0.485744427653313
24.99,0.481059380845859
25,0.513753451414842
25.01,0.523299448482209
25.02,0.531761947276101
25.03,0.517265496245216
25.04,0.523112650533906
25.05,0.524553571668145
25.06,0.541037975187899
25.07,0.536045550433544
25.08,0.55982147837725
25.09,0.551837907049814
25.1,0.546492686962991
25.11,0.567924945924864
25.12,0.580046503558373
25.13,0.585662447952068
25.14,0.603880181116841
25.15,0.600104070315645
25.16,0.58404183393305
25.17,0.598121209839962
25.18,0.60822886373598
25.19,0.583801883719817
25.2,0.625120280541725
25.21,0.603211564618405
25.22,0.645084701226558
25.23,0.65132203059224
25.24,0.622508388193604
25.25,0.612948937436926
25.26,0.628325434583753
25.27,0.63699646144727
25.28,0.659538798383375
25.29,0.657405608755968
25.3,0.668221295537813
25.31,0.688628097352543
25.32,0.667096845637014
25.33,0.671374750289439
25.34,0.66948244534686
25.35,0.672561799830174
25.36,0.694192541035164
25.37,0.702996354321841
25.38,0.69129117524181
25.39,0.699866784278339
25.4,0.701538225813759
25.41,0.711875080923714
25.42,0.705491712871919
25.43,0.716766018609861
25.44,0.744294173485648
25.45,0.685468879726549
25.46,0.728858478931164
25.47,0.714836895914119
25.48,0.754020529848993
25.49,0.767613239180198
25.5,0.774332196761818
25.51,0.765344777149137
25.52,0.778610755542604
25.53,0.7707310945368
25.54,0.794431240929782
25.55,0.735002542723361
25.56,0.752077343564391
25.57,0.777030863059215
25.58,0.798965085091386
25.59,0.813025797441847
25.6,0.822921454645515
25.61,0.774090993163738
25.62,0.829830589622106
25.63,0.844439703149278
25.64,0.818624716502747
25.65,0.799254235869613
25.66,0.877006052743424
25.67,0.816688316720526
25.68,0.84457514034068
25.69,0.833471762598997
25.7,0.845884906757662
25.71,0.878975108637946
25.72,0.839992238051961
25.73,0.874510168221602
25.74,0.888377891470655
25.75,0.877124813362558
25.76,0.880381734549463
25.77,0.893235571615535
25.78,0.870352428353935
25.79,0.876627043335117
25.8,0.876015946491997
25.81,0.905835328293707
25.82,0.906539778825782
25.83,0.910598536504258
25.84,0.874358433585362
25.85,0.892938923566089
25.86,0.894611982928726
25.87,0.884599471357438
25.88,0.910639044614815
25.89,0.913798412728679
25.9,0.934337344196645
25.91,0.941307796223735
25.92,0.913477451704365
25.93,0.93668761567511
25.94,0.929842764327365
25.95,0.945898811159552
25.96,0.966259476571292
25.97,0.925316737301103
25.98,0.949845516205569
25.99,0.961613925476458
26,0.928034264454317
26.01,0.977882080750427
26.02,0.967974818738477
26.03,1.00616132900127
26.04,0.98300077174282
26.05,0.985175130532257
26.06,1.00074974139055
26.07,0.972855015815091
26.08,1.00049303341553
26.09,0.981442523684826
26.1,0.996465652148818
26.11,0.991998957806514
26.12,0.987511803329416
26.13,0.978393425666317
26.14,0.997700827184934
26.15,1.00224461539894
26.16,1.00371894236959
26.17,1.00594528877147
26.18,1.00443512465654
26.19,1.02012490206792
26.2,1.02537044831195
26.21,1.02943909550517
26.22,1.01731631695982
26.23,1.01147090750131
26.24,1.0489969717224
26.25,1.02164933011187
26.26,1.01957381189094
26.27,1.01612330814829
26.28,1.02879470544195
26.29,1.03383620205288
26.3,1.02831390593727
26.31,1.03529168958939
26.32,1.01813409646871
26.33,1.02956435185061
26.34,1.02350091321929
26.35,1.04466520331763
26.36,1.06092528102097
26.37,1.03797206290745
26.38,1.0341611966529
26.39,1.03314048201909
26.4,1.06130068867795
26.41,1.05754487141839
26.42,1.05739077436905
26.43,1.07513760294304
26.44,1.03264035534794
26.45,1.08174449552677
26.46,1.03381220813523
26.47,1.07868325597966
26.48,1.06647001519802
26.49,1.05483301774043
26.5,1.07568958504651
26.51,1.08064696588233
26.52,1.06249185810932
26.53,1.08211213119651
26.54,1.09633843414548
26.55,1.08740004820756
26.56,1.09317150416097
26.57,1.05601228949112
26.58,1.05249320022529
26.59,1.04170182456451
26.6,1.08849509538758
26.61,1.05950701295173
26.62,1.05857204813606
26.63,1.05405469284464
26.64,1.07028065815946
26.65,1.06568950298614
26.66,1.07822226093096
26.67,1.05721674355621
26.68,1.06971651033725
26.69,1.07744821784577
26.7,1.10190685537341
26.71,1.0953596144328
26.72,1.06955113789679
26.73,1.10076877640719
26.74,1.09133154428298
26.75,1.06052258042337
26.76,1.06433106422217
26.77,1.06926814055221
26.78,1.09738689458089
26.79,1.06862380419087
26.8,1.09414568712152
26.81,1.07052379623088
26.82,1.10621059994585
26.83,1.0982978714733
26.84,1.03885278496729
26.85,1.08424248625042
26.86,1.06045305640633
26.87,1.04111764902348
26.88,1.05568818697102
26.89,1.08646755614033
26.9,1.0573682688304
26.91,1.08678129684673
26.92,1.0685482339142
26.93,1.07145869219499
26.94,1.03899385972336
26.95,1.04308476570637
26.96,1.0540873579786
26.97,1.05298643199493
26.98,1.05273216203821
26.99,1.07318945613646
27,1.040601678396
27.01,1.06240839745127
27.02,1.03165782995316
27.03,1.03031117372723
27.04,1.05051378949186
27.05,1.07771552311207
27.06,1.05843761861745
27.07,1.00681568249661
27.08,1.02879508288819
27.09,1.0250427908503
27.1,1.01544563202448
27.11,1.05599586809354
27.12,1.03260628981267
27.13,1.00428646343617
27.14,1.03328830146914
27.15,1.02112775492133
27.16,1.00688025280291
27.17,1.0295080150686
27.18,1.0041772978524
27.19,1.01656283180998
27.2,1.00241689257732
27.21,0.983126500868313
27.22,1.00013908943027
27.23,1.00396787485719
27.24,1.01171326362456
27.25,1.01291220026075
27.26,0.991217844804872
27.27,1.00028625710238
27.28,0.987551995594488
27.29,0.993377034206051
27.3,0.965544849508286
27.31,0.995133485341024
27.32,0.98103356389902
27.33,0.977276340875572
27.34,0.989398532476236
27.35,0.954902738333844
27.36,0.984049400699668
27.37,0.950267424650252
27.38,0.970012919519571
27.39,0.957967597052513
27.4,0.950829400715045
27.41,0.966214555955051
27.42,0.96888326901711
27.43,0.957533125627595
27.44,0.948774249929604
27.45,0.939726369071062
27.46,0.907743845874996
27.47,0.915130199677048
27.48,0.949493799627471
27.49,0.926297398977528
27.5,0.921407263442586
27.51,0.921039820321374
27.52,0.920408425545277
27.53,0.911175189797506
27.54,0.922443026817482
27.55,0.899827213212396
27.56,0.88196965189504
27.57,0.908867089807302
27.58,0.921108532175584
27.59,0.882540924559046
27.6,0.902767457200257
27.61,0.880343341474155
27.62,0.879413856608151
27.63,0.882049078866349
27.64,0.862711873028211
27.65,0.876842113364135
27.66,0.853962750659393
27.67,0.853448359078765
27.68,0.85907862523318
27.69,0.880976113856171
27.7,0.847410360502006
27.71,0.826877096858627
27.72,0.858723625597186
27.73,0.832049908459858
27.74,0.842897678250933
27.75,0.81885829060511
27.76,0.815120273890094
27.77,0.799612594201777
27.78,0.82539515422248
27.79,0.815336098433463
27.8,0.784993572601813
27.81,0.787980701851291
27.82,0.802812544299303
27.83,0.775537965645128
27.84,0.796007583484288
27.85,0.752972169791964
27.86,0.789880853374857
27.87,0.763764773833922
27.88,0.760333147337748
27.89,0.779781838608121
27.9,0.744748268857275
27.91,0.734757094966111
27.92,0.773850649551024
27.93,0.729596902190052
27.94,0.748803134893949
27.95,0.744626977103847
27.96,0.734766151581509
27.97,0.732276609557179
27.98,0.710842197322658
27.99,0.730814613571535
28,0.723960200642098
28.01,0.711744585071204
28.02,0.667755198457279
28.03,0.685578019549521
28.04,0.681619469344553
28.05,0.7084147082221
28.06,0.698451118146865
28.07,0.670302610124805
28.08,0.697099733003748
28.09,0.670276120486539
28.1,0.672756899675812
28.11,0.62023921732412
28.12,0.641900750336889
28.13,0.634989181024582
28.14,0.640257177784
28.15,0.642825130291101
28.16,0.633783754352408
28.17,0.610920185135162
28.18,0.650905922402478
28.19,0.629194061196454
28.2,0.620543613061918
28.21,0.628239465528715
28.22,0.597921703195962
28.23,0.596907791897962
28.24,0.617767201439454
28.25,0.609238737514837
28.26,0.557196536103905
28.27,0.612188326261844
28.28,0.577814927190152
28.29,0.55898068459469
28.3,0.558260887688562
28.31,0.548853573641922
28.32,0.542375254919662
28.33,0.564652067333983
28.34,0.573183020540925
28.35,0.558253513399985
28.36,0.542185357156403
28.37,0.54138887547695
28.38,0.508113535223045
28.39,0.544211459430138
28.4,0.5400933594399
28.41,0.485193670654074
28.42,0.490268205330715
28.43,0.523601775609709
28.44,0.490694262167706
28.45,0.482701239413531
28.46,0.445092622978241
28.47,0.477927237826686
28.48,0.464802618164632
28.49,0.459512034414529
28.5,0.438092155661842
28.51,0.46712891205046
28.52,0.500910307933468
28.53,0.439641249285263
28.54,0.442836867871629
28.55,0.445920108199681
28.56,0.422445321663708
28.57,0.438976662036324
28.58,0.425252507874725
28.59,0.410365358909504
28.6,0.414352635954436
28.61,0.421971179080654
28.62,0.390326916406956
28.63,0.403458450585927
28.64,0.397685765370335
28.65,0.378163889200968
28.66,0.408048655654542
28.67,0.361651182613041
28.68,0.390371944637006
28.69,0.358422763137119
28.7,0.365315936829983
28.71,0.382443447083631
28.72,0.364398650695787
28.73,0.324319490494364
28.74,0.337082650859109
28.75,0.331122913612528
28.76,0.326357723712566
28.77,0.344383590075916
28.78,0.336231309206894
28.79,0.306414926390987
28.8,0.379996355816673
28.81,0.321842907215463
28.82,0.284480753906993
28.83,0.308229680455754
28.84,0.297083049562064
28.85,0.289300641714018
28.86,0.284329630169603
28.87,0.316014112760377
28.88,0.296452936035062
28.89,0.286152087914121
28.9,0.280252090328051
28.91,0.279005381510633
28.92,0.267338242317187
28.93,0.253034095086347
28.94,0.235475151111952
28.95,0.264896837147552
28.96,0.25133968415045
28.97,0.239789322906175
28.98,0.246073806575315
28.99,0.25410839687549
29,0.243280653441331
29.01,0.251461526433998
29.02,0.245863921019511
29.03,0.245181482125946
29.04,0.231709941507977
29.05,0.212261489673922
29.06,0.257218329845424
29.07,0.24611211807213
29.08,0.194113871859731
29.09,0.214147119101441
29.1,0.177632486760874
29.11,0.223805066496662
29.12,0.201848960220819
29.13,0.181308074932725
29.14,0.145925261593431
29.15,0.153609022345429
29.16,0.223237936653009
29.17,0.154768185452019
29.18,0.194192686138304
29.19,0.166626831009733
29.2,0.181295496530177
29.21,0.191020333795468
29.22,0.179770427895494
29.23,0.185621476239791
29.24,0.169750810880489
29.25,0.153514178550499
29.26,0.192537931389736
29.27,0.174541142972899
29.28,0.131486266318327
29.29,0.130928607435579
29.3,0.160405600715235
29.31,0.151149279791752
29.32,0.146741018803193
29.33,0.143758608568684
29.34,0.126992996086303
29.35,0.140300403538496
29.36,0.166278650432628
29.37,0.127557409225687
29.38,0.107570442949649
29.39,0.0865471468867116
29.4,0.136129761286451
29.41,0.123237263665298
29.42,0.124787417962628
29.43,0.118188897709552
29.44,0.0932073489338129
29.45,0.132868757070698
29.46,0.146035608697505
29.47,0.114649129072375
29.48,0.114889764367218
29.49,0.108317456932177
29.5,0.113512957364152
29.51,0.0974488601066968
29.52,0.0842628787995698
29.53,0.107591811291399
29.54,0.0953228788546836
29.55,0.0984145898165141
29.56,0.0729921027472911
29.57,0.108315544748748
29.58,0.0954793170014705
29.59,0.081999355633376
29.6,0.066629415991979
29.61,0.0975785810992422
29.62,0.0892640064214237
29.63,0.0963046834602203
29.64,0.0897049234574641
29.65,0.110393960439063
29.66,0.0780526626306252
29.67,0.0769370157622511
29.68,0.0833242355617224
29.69,0.10643432986195
29.7,0.0752839802777625
29.71,0.081187897472539
29.72,0.083511979413031
29.73,0.0772747075616291
29.74,0.076519592908155
29.75,0.0661658716923191
29.76,0.063588681335608
29.77,0.0696359362668011
29.78,0.0756431302200151
29.79,0.0835527791560786
29.8,0.0528948869800011
29.81,0.102214101403405
29.82,0.0714229124037043
29.83,0.0724118947602631
29.84,0.0960440777562202
29.85,0.0698978649854246
29.86,0.0849155049040947
29.87,0.0650958397073153
29.88,0.0489974521640078
29.89,0.0781840852314227
29.9,0.0704335217676753
29.91,0.091934561129752
29.92,0.0524858749115605
29.93,0.0925169691561941
29.94,0.0690848642395533
29.95,0.0891721753378752
29.96,0.0887201748307447
29.97,0.0831606173401159
29.98,0.0804068099535026
29.99,0.067044418420316
30,0.0930260568298886
30.01,0.0862876324636513
30.02,0.106106436852855
30.03,0.0766088871420985
30.04,0.101688724730582
30.05,0.122287727894926
30.06,0.079960995320216
30.07,0.0800779642220321
30.08,0.0875319149870697
30.09,0.0884690410561713
30.1,0.0800460418971179
30.11,0.10156586810973
30.12,0.0924094914914738
30.13,0.100213308562665
30.14,0.0907392691228012
30.15,0.142818333261668
30.16,0.112994910437154
30.17,0.111912977620928
30.18,0.11211232947628
30.19,0.0934922029347398
30.2,0.115678199434374
30.21,0.0884420113265049
30.22,0.14287436903354
30.23,0.125289935646453
30.24,0.0785622183074879
30.25,0.122344992851447
30.26,0.112236621825809
30.27,0.127339663658735
30.28,0.122582284917446
30.29,0.135449330807277
30.3,0.12597093399474
30.31,0.113975950745215
30.32,0.130510188929122
30.33,0.149519522200168
30.34,0.133450308634333
30.35,0.128703889500325
30.36,0.14367398274048
30.37,0.127561849135899
30.38,0.137875481590438
30.39,0.139586190786594
30.4,0.141581520823577
30.41,0.194723373027769
30.42,0.19109762985871
30.43,0.140351457434245
30.44,0.161123095658224
30.45,0.151904267027047
30.46,0.200196640239671
30.47,0.203996638567718
30.48,0.174390359505736
30.49,0.160793457447714
30.5,0.174836655174651
30.51,0.201557181954517
30.52,0.194889925534747
30.53,0.16527639810514
30.54,0.195280059955936
30.55,0.203926653018853
30.56,0.212245763480355
30.57,0.184685931371409
30.58,0.192974440963053
30.59,0.181260656119784
30.6,0.216502971842883
30.61,0.220582042116239
30.62,0.236731851020099
30.63,0.177068163196762
30.64,0.219992133306839
30.65,0.257076881427713
30.66,0.232792200342879
30.67,0.232395828216607
30.68,0.237057101591144
30.69,0.239386200679155
30.7,0.249614177472578
30.71,0.252852214345265
30.72,0.237338108761445
30.73,0.268675293455342
30.74,0.266551319953969
30.75,0.27349333245271
30.76,0.252446343793505
30.77,0.294906416802248
30.78,0.270646895846282
30.79,0.287919360025644
30.8,0.311572436084282
30.81,0.302551484509348
30.82,0.264969516696106
30.83,0.298859228456408
30.84,0.306721772134332
30.85,0.307095055745435
30.86,0.294039028324696
30.87,0.323690509532023
30.88,0.314726521322027
30.89,0.321285030883443
30.9,0.344822300771188
30.91,0.324776628812726
30.92,0.328019988730374
30.93,0.329632923076644
30.94,0.350082798826289
30.95,0.346000088454882
30.96,0.319187553288366
30.97,0.347916763221738
30.98,0.371038573856697
30.99,0.366729866056062
31,0.372507874009966
31.01,0.415988517439353
31.02,0.357882295328096
31.03,0.390933145127268
31.04,0.36934184677029
31.05,0.379078821977603
31.06,0.399889302939881
31.07,0.385796457624222
31.08,0.40989296075604
31.09,0.422340409063364
31.1,0.431106275787989
31.11,0.451517349419389
31.12,0.421767786974843
31.13,0.446523134020606
31.14,0.418704708044761
31.15,0.45727122691836
31.16,0.447847022817893
31.17,0.451676298845672
31.18,0.454308571130385
31.19,0.459049717925517
31.2,0.481408566418984
31.21,0.460049163532113
31.22,0.487042682153076
31.23,0.490319226473629
31.24,0.482493169780884
31.25,0.467818072080617
31.26,0.50130947753484
31.27,0.532199686493339
31.28,0.513971683675623
31.29,0.497705900059415
31.3,0.500376220143837
31.31,0.514435126494617
31.32,0.538793992480449
31.33,0.549126876522456
31.34,0.533809944113258
31.35,0.556611190623191
31.36,0.57934302217886
31.37,0.553668465304564
31.38,0.564954553751475
31.39,0.594346939181203
31.4,0.53497222726117
31.41,0.566581772537005
31.42,0.603715764257681
31.43,0.585811985262698
31.44,0.602277545610236
31.45,0.572480226337646
31.46,0.623799542404453
31.47,0.619916075235791
31.48,0.623590717467438
31.49,0.603910182184864
31.5,0.62096354225221
31.51,0.621367048536691
31.52,0.650591544783685
31.53,0.612949292385093
31.54,0.635654397889004
31.55,0.614067543191517
31.56,0.651594591327139
31.57,0.661522897266938
31.58,0.647051036426935
31.59,0.655289039040911
31.6,0.68738176661907
31.61,0.66786856482277
31.62,0.657640193463451
31.63,0.671724910727781
31.64,0.67547483768168
31.65,0.69959642890423
31.66,0.692605843842401
31.67,0.716945157220153
31.68,0.702902446323222
31.69,0.708056095788243
31.7,0.722017763299232
31.71,0.717144076920051
31.72,0.718892180304856
31.73,0.726535857476777
31.74,0.756011228876172
31.75,0.73903444537492
31.76,0.709345484938355
31.77,0.729912408238008
31.78,0.754442336360455
31.79,0.781413631297713
31.8,0.725043888518484
31.81,0.750674989599924
31.82,0.740833706798441
31.83,0.775738749608279
31.84,0.775770195689399
31.85,0.799772718784166
31.86,0.759062035451008
31.87,0.801071882827773
31.88,0.803988589154352
31.89,0.827690761893182
31.9,0.812075648749813
31.91,0.816472121297647
31.92,0.833034513331398
31.93,0.821719784867037
31.94,0.810619826874983
31.95,0.828259068045403
31.96,0.831171198590909
31.97,0.804727592662579
31.98,0.821140311021585
31.99,0.851915696414449
32,0.846794794940216
